{"stat.useItem.syzaria.speed_berry":9,"stat.flyOneCm":29826,"stat.walkOneCm":7150,"stat.pickup.minecraft.wheat_seeds":20,"stat.jump":92,"stat.playOneMinute":2493,"stat.useItem.syzaria.tungstene_sword":3,"stat.fallOneCm":209,"stat.pickup.syzaria.speed_berry":4,"stat.sneakTime":6,"stat.damageTaken":80,"stat.damageDealt":199,"stat.crouchOneCm":11,"stat.killEntity.Zombie":1,"stat.timeSinceDeath":2493,"stat.sprintOneCm":10011,"stat.mobKills":1,"stat.useItem.minecraft.stone_slab2":9,"stat.useItem.minecraft.iron_hoe":2,"stat.pickup.minecraft.wheat":4}